<?xml version="1.0" encoding="UTF-8"?>
<project-private xmlns="http://www.netbeans.org/ns/project-private/1">
    <editor-bookmarks xmlns="http://www.netbeans.org/ns/editor-bookmarks/2" lastBookmarkId="0"/>
    <open-files xmlns="http://www.netbeans.org/ns/projectui-open-files/2">
        <group>
            <file>file:/C:/Users/Dell/Documents/NetBeansProjects/SlidingPuzzle/src/Player.java</file>
            <file>file:/C:/Users/Dell/Documents/NetBeansProjects/SlidingPuzzle/src/Move.java</file>
            <file>file:/C:/Users/Dell/Documents/NetBeansProjects/SlidingPuzzle/src/GameController.java</file>
            <file>file:/C:/Users/Dell/Documents/NetBeansProjects/SlidingPuzzle/src/Puzzle.java</file>
            <file>file:/C:/Users/Dell/Documents/NetBeansProjects/SlidingPuzzle/src/GUI.java</file>
            <file>file:/C:/Users/Dell/Documents/NetBeansProjects/SlidingPuzzle/src/ImageButton.java</file>
        </group>
    </open-files>
</project-private>
